,Name,Korean Name,Rank,AP,Species,Gender,Personality,Hobby,Style 1,Style 2,Sociability,Conversation Type,순위,승률,Exist,Mention Count,Viral
0,Admiral,일섭,201,0.2101,Bird,Male,Cranky,Nature,Cool,Cool,2,A,195.0,0.4138,1,7.0,156.5194262046005
1,Agent S,2호,151,0.1548,Squirrel,Female,Peppy,Fitness,Active,Simple,3,B,87.0,0.5954,1,32.0,217.1293161723486
2,Agnes,아그네스,181,0.1961,Pig,Female,Big Sister,Play,Simple,Elegant,3,A,237.0,0.2827,0,24.0,229.24319036688945
3,Al,우락,366,0.2941,Gorilla,Male,Lazy,Fitness,Active,Active,2,B,368.0,0.1779,1,8.0,207.38652708466148
4,Alfonso,알베르트,218,0.3676,Alligator,Male,Lazy,Play,Simple,Simple,2,B,174.0,0.2699,1,19.0,123.8896488576325
5,Alice,멜버른,131,0.2941,Koala,Female,Normal,Education,Cute,Cute,2,B,132.0,0.4442,1,14.0,182.21063605948007
6,Alli,크로크,383,0.3676,Alligator,Female,Snooty,Fashion,Gorgeous,Elegant,2,B,357.0,0.2839,1,31.0,268.0326578305113
7,Amelia,안데스,232,0.2941,Eagle,Female,Snooty,Music,Cool,Elegant,2,B,336.0,0.3724,1,3.0,33.39464359093077
8,Anabelle,아롱이,396,0.3676,Anteater,Female,Peppy,Fashion,Cute,Simple,3,B,167.0,0.3697,1,12.0,178.7358501893111
9,Anchovy,안쵸비,240,0.2101,Bird,Male,Lazy,Play,Simple,Simple,2,B,125.0,0.4898,1,22.0,237.32048556641345
10,Angus,반데스,384,0.2941,Cow,Male,Cranky,Fitness,Cool,Cool,1,B,367.0,0.1809,1,12.0,99.67629808906574
11,Anicotti,라자냐,402,0.1838,Mouse,Female,Peppy,Fashion,Simple,Elegant,3,B,325.0,0.3124,1,3.0,33.39464359093077
12,Ankha,클레오,103,0.1279,Cat,Female,Snooty,Nature,Gorgeous,Simple,2,B,65.0,0.598,1,25.0,251.9627938988416
13,Annalisa,설백,354,0.3676,Anteater,Female,Normal,Nature,Elegant,Gorgeous,2,A,264.0,0.3075,0,5.0,126.12939940334734
14,Annalise,실부플레,316,0.1961,Horse,Female,Snooty,Fashion,Elegant,Active,2,B,313.0,0.2959,0,3.0,33.39464359093077
15,Antonio,퍼머거,197,0.3676,Anteater,Male,Jock,Fitness,Simple,Simple,3,B,91.0,0.5007,1,62.0,295.67889366729
16,Apollo,아폴로,54,0.2941,Eagle,Male,Cranky,Music,Cool,Simple,1,B,40.0,0.6286,1,67.0,580.8896840295346
17,Apple,애플,8,0.3268,Hamster,Female,Peppy,Play,Cute,Simple,3,A,2.0,0.8273,0,406.0,1873.8345188806172
18,Astrid,펑키맘,303,0.3676,Kangaroo,Female,Snooty,Music,Cool,Active,2,B,309.0,0.3136,1,10.0,94.65484689323908
19,Audie,모니카,52,0.2674,Wolf,Female,Peppy,Fitness,Cute,Active,3,A,39.0,0.6844,0,189.0,1043.2878889010562
20,Aurora,오로라,105,0.2101,Penguin,Female,Normal,Education,Cute,Elegant,2,B,37.0,0.6385,1,35.0,260.9870142047316
21,Ava,에바,344,0.3268,Chicken,Female,Normal,Music,Elegant,Cute,2,B,232.0,0.3449,1,21.0,287.2371611931717
22,Avery,쿠스케처,346,0.2941,Eagle,Male,Cranky,Music,Simple,Gorgeous,1,B,346.0,0.3449,1,9.0,54.22696795405054
23,Axel,엑스엘리,269,0.2451,Elephant,Male,Jock,Fitness,Active,Simple,3,B,294.0,0.4334,1,14.0,192.3448972175229
24,Baabara,트로와,292,0.2101,Sheep,Female,Snooty,Fashion,Gorgeous,Elegant,2,B,358.0,0.2701,1,4.0,61.71128362089847
25,Bam,록키,156,0.2451,Deer,Male,Jock,Play,Active,Simple,3,A,203.0,0.4151,0,18.0,166.81241730961835
26,Bangle,루주,316,0.4202,Tiger,Female,Peppy,Fashion,Gorgeous,Cute,3,B,346.0,0.3738,1,33.0,342.05015134318046
27,Barold,곰시,249,0.173,Cub,Male,Lazy,Play,Simple,Cool,2,A,212.0,0.2853,0,10.0,212.4695301010432
28,Bea,베이글,170,0.173,Dog,Female,Normal,Nature,Simple,Cool,2,A,116.0,0.5233,1,6.0,161.244991852547
29,Beardo,베어드,265,0.1961,Bear,Male,Smug,Education,Elegant,Elegant,2,A,271.0,0.2473,0,11.0,131.23503242615553
30,Beau,피터,12,0.2451,Deer,Male,Lazy,Nature,Simple,Cute,2,A,20.0,0.7022,0,296.0,1045.9920300982708
31,Becky,아리아,391,0.3268,Chicken,Female,Snooty,Music,Gorgeous,Elegant,2,B,255.0,0.3891,1,2.0,50.73070318389652
32,Bella,이자벨,184,0.1838,Mouse,Female,Peppy,Music,Cool,Active,3,B,142.0,0.4618,1,8.0,220.43823894007096
33,Benedict,페니실린,296,0.3268,Chicken,Male,Lazy,Play,Simple,Simple,2,B,263.0,0.3173,1,17.0,198.5122743410233
34,Benjamin,땡칠이,129,0.173,Dog,Male,Lazy,Nature,Simple,Simple,2,A,268.0,0.2682,0,10.0,191.1019397268436
35,Bertha,베티,375,0.4202,Hippo,Female,Normal,Education,Cute,Elegant,2,B,348.0,0.3362,1,14.0,211.67614342012885
36,Bettina,마르카,208,0.1838,Mouse,Female,Normal,Education,Simple,Elegant,2,B,339.0,0.469,1,6.0,89.48911657025042
37,Bianca,백희,202,0.4202,Tiger,Female,Peppy,Play,Cute,Cute,3,A,177.0,0.4969,0,11.0,144.80911398179052
38,Biff,가브리엘,332,0.4202,Hippo,Male,Jock,Fitness,Gorgeous,Active,3,B,283.0,0.2903,1,26.0,247.3578688729717
39,Big Top,3호,220,0.2451,Elephant,Male,Lazy,Play,Simple,Active,2,B,154.0,0.4987,1,20.0,179.89286805123953
40,Bill,코코아,45,0.173,Duck,Male,Jock,Play,Active,Active,3,A,30.0,0.6926,1,65.0,572.2800130460074
41,Billy,힘드러,200,0.3676,Goat,Male,Jock,Play,Simple,Active,3,A,136.0,0.4504,1,33.0,221.42044882378565
42,Biskit,로빈,239,0.173,Dog,Male,Lazy,Play,Gorgeous,Simple,2,B,320.0,0.4034,1,7.0,96.27437165026328
43,Bitty,비티,352,0.4202,Hippo,Female,Snooty,Education,Cute,Elegant,1,A,360.0,0.2649,1,3.0,33.39464359093077
44,Blaire,실루엣,132,0.1548,Squirrel,Female,Snooty,Fashion,Gorgeous,Elegant,2,B,79.0,0.6026,1,14.0,59.308084634808296
45,Blanche,신옥,76,0.2674,Ostrich,Female,Snooty,Nature,Elegant,Gorgeous,1,A,64.0,0.6308,0,13.0,92.41916419073604
46,Bluebear,글루민,30,0.173,Cub,Female,Peppy,Fashion,Cute,Simple,3,B,22.0,0.7038,1,72.0,786.6666979803574
47,Bob,히죽,108,0.1279,Cat,Male,Lazy,Play,Simple,Cute,2,B,27.0,0.6698,1,23.0,242.9145522990582
48,Bonbon,미미,179,0.1337,Rabbit,Female,Peppy,Play,Cute,Elegant,3,A,146.0,0.528,0,11.0,199.7965819253934
49,Bones,토미,100,0.173,Dog,Male,Lazy,Play,Simple,Cute,2,B,129.0,0.5131,1,12.0,91.37778385276827
50,Boomer,팽기,293,0.2101,Penguin,Male,Lazy,Fitness,Simple,Cool,2,B,148.0,0.4412,1,2.0,63.39122459900475
51,Boone,만복이,298,0.2941,Gorilla,Male,Jock,Fitness,Elegant,Cool,3,B,275.0,0.1757,1,12.0,205.6022716732257
52,Boots,풍작,358,0.3676,Alligator,Male,Jock,Play,Gorgeous,Active,3,A,198.0,0.2398,1,5.0,119.19135023769896
53,Boris,보리,316,0.1961,Pig,Male,Cranky,Nature,Cool,Gorgeous,2,A,270.0,0.2508,1,3.0,97.7838766249614
54,Boyd,보이드,363,0.2941,Gorilla,Male,Cranky,Fitness,Simple,Cool,2,A,389.0,0.1851,1,5.0,61.89695807270274
55,Bree,사라,70,0.1838,Mouse,Female,Snooty,Fashion,Elegant,Gorgeous,2,B,48.0,0.6293,1,30.0,348.58829315923145
56,Broccolo,브로콜리,104,0.1838,Mouse,Male,Lazy,Play,Simple,Cute,2,B,45.0,0.6274,1,23.0,272.4404068260229
57,Broffina,히킨,410,0.3268,Chicken,Female,Snooty,Music,Gorgeous,Elegant,1,A,383.0,0.2542,0,2.0,63.10510624843916
58,Bruce,브루스,115,0.2451,Deer,Male,Cranky,Nature,Cool,Simple,2,A,199.0,0.4675,0,14.0,211.23657673818744
59,Bubbles,차코,375,0.4202,Hippo,Female,Peppy,Fashion,Active,Cute,3,B,380.0,0.2771,1,9.0,143.88357702835492
60,Buck,바야시코프,340,0.1961,Horse,Male,Jock,Fitness,Active,Simple,3,B,314.0,0.2943,1,23.0,114.42065969164952
61,Bud,선글,274,0.4202,Lion,Male,Jock,Fitness,Active,Simple,3,B,213.0,0.2734,1,4.0,92.56057584398482
62,Bunnie,릴리안,57,0.1337,Rabbit,Female,Peppy,Fashion,Cute,Cute,3,B,17.0,0.7177,1,70.0,551.511685193526
63,Butch,존,110,0.173,Dog,Male,Cranky,Music,Cool,Simple,1,B,109.0,0.5648,1,24.0,288.0050364066417
64,Buzz,근엄,276,0.2941,Eagle,Male,Cranky,Nature,Simple,Active,2,A,304.0,0.3654,1,6.0,165.2730264906954
65,Cally,파슬리,149,0.1548,Squirrel,Female,Normal,Nature,Cute,Elegant,2,B,151.0,0.5504,1,8.0,148.1650241970991
66,Camofrog,충성,275,0.1634,Frog,Male,Cranky,Music,Cool,Active,1,B,149.0,0.4092,1,12.0,225.36035569286187
67,Canberra,캔버라,187,0.2941,Koala,Female,Big Sister,Play,Active,Cool,3,A,306.0,0.3552,0,23.0,126.8711154647706
68,Candi,사탕,285,0.1838,Mouse,Female,Peppy,Play,Simple,Cute,3,A,292.0,0.4513,1,5.0,96.84980954419912
69,Carmen,초코,146,0.1337,Rabbit,Female,Peppy,Fashion,Elegant,Cute,3,B,71.0,0.6499,1,25.0,121.51195679362128
70,Caroline,캐롤라인,142,0.1548,Squirrel,Female,Normal,Music,Cute,Gorgeous,2,B,175.0,0.5355,1,10.0,63.09252746623217
71,Carrie,마미,372,0.3676,Kangaroo,Female,Normal,Nature,Cute,Cute,2,A,299.0,0.398,1,6.0,93.60498461385836
72,Cashmere,캐시미어,394,0.2101,Sheep,Female,Snooty,Fashion,Gorgeous,Elegant,1,A,335.0,0.1637,1,8.0,93.39918019952918
73,Celia,티파니,293,0.2941,Eagle,Female,Normal,Nature,Elegant,Cute,2,A,160.0,0.4684,0,10.0,93.60498461385836
74,Cesar,앨런,305,0.2941,Gorilla,Male,Cranky,Fitness,Cool,Elegant,1,B,241.0,0.1881,1,10.0,119.3287949128812
75,Chadder,치즈,141,0.1838,Mouse,Male,Smug,Fitness,Elegant,Gorgeous,2,A,82.0,0.5525,0,13.0,210.71835732327045
76,Charlise,챠미,215,0.1961,Bear,Female,Big Sister,Fitness,Active,Cute,2,B,296.0,0.418,0,10.0,146.5560438585595
77,Cheri,아세로라,85,0.173,Cub,Female,Peppy,Fashion,Simple,Cute,3,B,47.0,0.6606,1,48.0,376.31825342674034
78,Cherry,한나,136,0.173,Dog,Female,Big Sister,Music,Cool,Elegant,3,A,247.0,0.429,0,50.0,283.48944119270084
79,Chester,팬타,75,0.173,Cub,Male,Lazy,Play,Simple,Simple,2,B,186.0,0.5247,1,13.0,147.17498760138008
80,Chevre,윤이,251,0.3676,Goat,Female,Normal,Education,Cute,Elegant,2,B,131.0,0.5028,1,15.0,97.5495719638776
81,Chief,대장,34,0.2674,Wolf,Male,Cranky,Music,Cool,Simple,1,B,73.0,0.6432,1,67.0,662.7695768235561
82,Chops,돈후앙,390,0.1961,Pig,Male,Smug,Education,Gorgeous,Elegant,2,A,317.0,0.194,0,17.0,283.7719760607667
83,Chow,츄양,385,0.1961,Bear,Male,Cranky,Fitness,Cool,Gorgeous,1,B,385.0,0.194,1,0.0,0.0
84,Chrissy,크리스틴,31,0.1337,Rabbit,Female,Peppy,Fashion,Cute,Cute,3,B,44.0,0.6752,1,62.0,576.8517338707325
85,Claude,비니거,314,0.1337,Rabbit,Male,Lazy,Nature,Simple,Simple,2,A,341.0,0.4303,1,1.0,33.39464359093077
86,Claudia,신디,410,0.4202,Tiger,Female,Snooty,Music,Gorgeous,Elegant,1,A,382.0,0.2561,0,59.0,195.10387678860732
87,Clay,햄둥,217,0.3268,Hamster,Male,Lazy,Nature,Elegant,Simple,2,A,94.0,0.3825,0,5.0,91.6849336879089
88,Cleo,아이소토프,357,0.1961,Horse,Female,Snooty,Education,Cute,Elegant,1,A,298.0,0.4033,1,6.0,59.18681362910056
89,Clyde,마철이,396,0.1961,Horse,Male,Lazy,Play,Simple,Cute,2,B,359.0,0.2663,1,7.0,118.49042915378686
90,Coach,철소,353,0.2941,Cow,Male,Jock,Fitness,Active,Active,3,A,332.0,0.2035,0,23.0,235.19239930535807
91,Cobb,박사,405,0.1961,Pig,Male,Jock,Education,Simple,Active,3,B,238.0,0.2648,1,12.0,191.9634799495256
92,Coco,이요,225,0.1337,Rabbit,Female,Normal,Education,Simple,Cute,2,B,35.0,0.6374,1,101.0,560.8381841215908
93,Cole,아마민,147,0.1337,Rabbit,Male,Lazy,Nature,Simple,Cute,2,A,145.0,0.5317,0,16.0,182.7095310426361
94,Colton,안소니,140,0.1961,Horse,Male,Smug,Nature,Gorgeous,Elegant,2,A,305.0,0.3633,0,9.0,122.02156216098172
95,Cookie,베리,148,0.173,Dog,Female,Peppy,Fashion,Cute,Cute,3,B,76.0,0.6143,1,42.0,332.3485260113612
96,Cousteau,왕서방,354,0.1634,Frog,Male,Jock,Fitness,Elegant,Gorgeous,3,B,277.0,0.3691,1,10.0,153.47812401664737
97,Cranston,타키,282,0.2674,Ostrich,Male,Lazy,Nature,Simple,Cool,2,A,189.0,0.4202,0,13.0,321.31093592939726
98,Croque,투투,371,0.1634,Frog,Male,Cranky,Nature,Elegant,Cool,2,A,331.0,0.252,0,3.0,62.074736549867296
99,Cube,빙수,153,0.2101,Penguin,Male,Lazy,Play,Simple,Cute,2,B,89.0,0.5657,1,11.0,64.41174845070142
100,Curlos,카를로스,338,0.2101,Sheep,Male,Smug,Nature,Active,Gorgeous,3,B,262.0,0.3237,0,10.0,188.7420066537365
101,Curly,햄까스,224,0.1961,Pig,Male,Jock,Fitness,Simple,Active,3,B,229.0,0.3785,1,24.0,127.98641463199858
102,Curt,뚝심,162,0.1961,Bear,Male,Cranky,Nature,Cool,Cool,2,A,204.0,0.4119,1,5.0,97.1657460308731
103,Cyd,펑크스,127,0.2451,Elephant,Male,Cranky,Music,Cool,Active,2,A,133.0,0.4224,0,9.0,159.91512538509204
104,Cyrano,사지마,309,0.3676,Anteater,Male,Cranky,Education,Cool,Active,1,B,329.0,0.2553,1,8.0,158.29848629561548
105,Daisy,바닐라,62,0.173,Dog,Female,Normal,Education,Simple,Cute,2,B,18.0,0.7231,1,77.0,571.1054268214065
106,Deena,마리모,183,0.173,Duck,Female,Normal,Education,Simple,Cute,2,B,53.0,0.6166,1,25.0,294.7364563406792
107,Deirdre,나디아,84,0.2451,Deer,Female,Big Sister,Play,Simple,Simple,3,A,252.0,0.4081,0,71.0,329.2890753635482
108,Del,파도맨,234,0.3676,Alligator,Male,Cranky,Fitness,Cool,Simple,1,B,316.0,0.2503,1,6.0,159.61447801560027
109,Deli,델리,214,0.3268,Monkey,Male,Lazy,Nature,Gorgeous,Elegant,2,A,155.0,0.4498,0,7.0,119.04083948503158
110,Derwin,봉,272,0.173,Duck,Male,Lazy,Play,Simple,Elegant,2,B,248.0,0.4251,1,9.0,105.32682581332703
111,Diana,나탈리,14,0.2451,Deer,Female,Snooty,Education,Elegant,Gorgeous,1,A,24.0,0.7063,0,127.0,905.2849851317266
112,Diva,아이다,116,0.1634,Frog,Female,Big Sister,Fitness,Gorgeous,Elegant,3,A,143.0,0.3425,0,271.0,1024.4047188500504
113,Dizzy,휴지,71,0.2451,Elephant,Male,Lazy,Play,Simple,Simple,2,B,61.0,0.6185,1,34.0,377.9470740023647
114,Dobie,켄,74,0.2674,Wolf,Male,Cranky,Nature,Simple,Cool,2,A,66.0,0.5084,0,14.0,267.1306519299295
115,Doc,토니,282,0.1337,Rabbit,Male,Lazy,Education,Simple,Elegant,2,B,178.0,0.494,1,112.0,128.0192328497141
116,Dom,차둘,37,0.2101,Sheep,Male,Jock,Play,Active,Cute,3,A,29.0,0.6775,0,71.0,491.3114674389616
117,Dora,티미,176,0.1838,Mouse,Female,Normal,Education,Simple,Elegant,2,B,58.0,0.6433,1,23.0,213.7099013247933
118,Dotty,서머,50,0.1337,Rabbit,Female,Peppy,Fashion,Simple,Cute,3,B,21.0,0.7249,1,80.0,531.323711976946
119,Drago,용남이,254,0.3676,Alligator,Male,Lazy,Nature,Elegant,Gorgeous,2,A,137.0,0.3701,0,59.0,369.8198929560991
120,Drake,푸아그라,313,0.173,Duck,Male,Lazy,Play,Cool,Simple,2,B,227.0,0.4249,1,19.0,178.24968500792136
121,Drift,덕,324,0.1634,Frog,Male,Jock,Fitness,Simple,Active,3,B,322.0,0.3409,1,3.0,65.28834458389065
122,Ed,꺼벙,369,0.1961,Horse,Male,Smug,Nature,Gorgeous,Elegant,3,B,384.0,0.2383,1,5.0,64.89686571775721
123,Egbert,김희,410,0.3268,Chicken,Male,Lazy,Play,Simple,Simple,2,B,234.0,0.304,1,6.0,98.35830195927431
124,Elise,몽자,298,0.3268,Monkey,Female,Snooty,Fashion,Elegant,Gorgeous,2,B,166.0,0.3229,1,22.0,292.1232766612979
125,Ellie,에끌레르,169,0.2451,Elephant,Female,Normal,Nature,Simple,Cute,2,A,138.0,0.5859,1,11.0,182.81399871344496
126,Elmer,샤브렌,351,0.1961,Horse,Male,Lazy,Play,Simple,Cool,2,B,355.0,0.2991,1,7.0,92.56067665640876
127,Eloise,엘레핀,192,0.2451,Elephant,Female,Snooty,Fashion,Elegant,Simple,2,B,103.0,0.6039,1,20.0,211.9426593943033
128,Elvis,킹,152,0.4202,Lion,Male,Cranky,Education,Gorgeous,Elegant,1,B,258.0,0.3509,1,33.0,436.547706369667
129,Erik,자끄,118,0.2451,Deer,Male,Lazy,Nature,Simple,Simple,2,A,117.0,0.4996,0,17.0,188.5689092556953
130,Eugene,코알,220,0.2941,Koala,Male,Smug,Music,Cool,Gorgeous,2,A,171.0,0.4105,0,11.0,179.44916336891748
131,Eunice,곱슬이,247,0.2101,Sheep,Female,Normal,Fashion,Simple,Elegant,2,B,135.0,0.511,1,10.0,181.67079959753545
132,Fang,시베리아,5,0.2674,Wolf,Male,Cranky,Education,Simple,Cool,1,B,11.0,0.7423,1,145.0,920.4208251256058
133,Fauna,솔미,41,0.2451,Deer,Female,Normal,Nature,Simple,Cute,2,A,33.0,0.6948,0,181.0,939.5038773235752
134,Felicity,예링,60,0.1279,Cat,Female,Peppy,Fashion,Cute,Cute,3,B,38.0,0.6776,1,46.0,273.1595977825421
135,Filbert,리키,73,0.1548,Squirrel,Male,Lazy,Nature,Simple,Cute,2,A,57.0,0.6563,1,48.0,460.11153097993065
136,Flip,원승,321,0.3268,Monkey,Male,Jock,Music,Active,Simple,3,A,157.0,0.3923,0,8.0,99.67629808906574
137,Flo,레이라,304,0.2101,Penguin,Female,Big Sister,Music,Cool,Gorgeous,3,A,269.0,0.2668,0,22.0,217.06234319220297
138,Flora,플라라,133,0.2674,Ostrich,Female,Peppy,Play,Cute,Active,3,A,42.0,0.6447,0,59.0,382.26740913678447
139,Flurry,뽀야미,9,0.3268,Hamster,Female,Normal,Nature,Elegant,Cute,2,A,4.0,0.8082,0,1038.0,2284.050602758694
140,Francine,프랑소와,29,0.1337,Rabbit,Female,Snooty,Fashion,Elegant,Gorgeous,2,B,59.0,0.6515,1,59.0,562.5052730803667
141,Frank,헐크,377,0.2941,Eagle,Male,Cranky,Education,Gorgeous,Cool,1,B,361.0,0.2576,0,2.0,33.39464359093077
142,Freckles,다랑어,228,0.173,Duck,Female,Peppy,Fashion,Simple,Cute,3,B,113.0,0.4627,1,17.0,169.55968478750702
143,Freya,산드라,89,0.2674,Wolf,Female,Snooty,Fashion,Elegant,Cool,2,B,162.0,0.5761,1,12.0,153.46982452844014
144,Friga,사브리나,280,0.2101,Penguin,Female,Snooty,Fashion,Elegant,Gorgeous,2,B,218.0,0.4854,1,8.0,65.28834458389065
145,Frita,웬디,120,0.2101,Sheep,Female,Big Sister,Music,Active,Cute,3,A,183.0,0.4018,0,17.0,139.53861606574796
146,Frobert,구리구리,328,0.1634,Frog,Male,Jock,Fitness,Active,Simple,3,B,209.0,0.3824,1,28.0,303.05551334544555
147,Fuchsia,제시카,48,0.2451,Deer,Female,Big Sister,Music,Cool,Cool,3,A,188.0,0.4615,0,31.0,346.7447452390562
148,Gabi,패티카,297,0.1337,Rabbit,Female,Peppy,Fashion,Cute,Gorgeous,3,B,226.0,0.4259,1,4.0,95.93700415843487
149,Gala,꽃지,109,0.1961,Pig,Female,Normal,Education,Cute,Elegant,2,B,78.0,0.5807,1,18.0,154.70412356786278
150,Gaston,대길,119,0.1337,Rabbit,Male,Cranky,Education,Simple,Gorgeous,1,B,52.0,0.5685,1,14.0,208.72522482997587
151,Gayle,앨리,196,0.3676,Alligator,Female,Normal,Nature,Cute,Cute,2,A,112.0,0.4651,0,7.0,91.08051462206043
152,Genji,토시,69,0.1337,Rabbit,Male,Jock,Fitness,Elegant,Simple,3,B,93.0,0.5545,1,47.0,244.2712208846268
153,Gigi,린다,298,0.1634,Frog,Female,Snooty,Fashion,Gorgeous,Elegant,2,B,173.0,0.2967,1,6.0,66.83680569983503
154,Gladys,빅토리아,166,0.2674,Ostrich,Female,Normal,Education,Elegant,Cute,2,B,84.0,0.6144,1,23.0,118.97774369091836
155,Gloria,마릴린,229,0.173,Duck,Female,Snooty,Fashion,Gorgeous,Elegant,2,B,300.0,0.3816,1,5.0,62.721280315434655
156,Goldie,카라멜,81,0.173,Dog,Female,Normal,Nature,Simple,Cute,2,B,32.0,0.6823,1,27.0,310.51001017805623
157,Gonzo,근성,243,0.2941,Koala,Male,Cranky,Nature,Simple,Cool,2,A,180.0,0.4605,1,5.0,96.15574933633692
158,Goose,건태,193,0.3268,Chicken,Male,Jock,Fitness,Simple,Active,3,B,120.0,0.4983,1,28.0,148.2033914132747
159,Graham,글라햄,182,0.3268,Hamster,Male,Smug,Education,Simple,Cool,2,A,75.0,0.5301,0,46.0,351.5483629585804
160,Greta,복자,194,0.1838,Mouse,Female,Snooty,Education,Elegant,Simple,1,A,161.0,0.3543,0,6.0,86.81101910960248
161,Grizzly,무뚝,234,0.1961,Bear,Male,Cranky,Education,Cool,Simple,1,B,257.0,0.3589,1,6.0,33.39464359093077
162,Groucho,거무틱,302,0.1961,Bear,Male,Cranky,Music,Cool,Simple,1,B,260.0,0.3387,1,2.0,66.83680569983503
163,Gruff,빌리,367,0.3676,Goat,Male,Cranky,Music,Cool,Gorgeous,1,B,369.0,0.1747,1,17.0,234.42766443104256
164,Gwen,폴라,241,0.2101,Penguin,Female,Snooty,Fashion,Gorgeous,Elegant,2,B,244.0,0.4538,1,2.0,33.39464359093077
165,Hamlet,햄스틴,68,0.3268,Hamster,Male,Jock,Play,Simple,Active,3,A,85.0,0.6059,0,54.0,471.0401278080233
166,Hamphrey,햄쥐,117,0.3268,Hamster,Male,Cranky,Nature,Cool,Simple,2,A,77.0,0.5849,0,23.0,185.7026769796097
167,Hans,스나일,340,0.2941,Gorilla,Male,Smug,Fitness,Elegant,Gorgeous,2,A,385.0,0.2372,0,21.0,385.46793622266506
168,Harry,올리버,410,0.4202,Hippo,Male,Cranky,Education,Cool,Simple,1,B,391.0,0.1439,1,10.0,147.30420328650249
169,Hazel,아이리스,56,0.1548,Squirrel,Female,Big Sister,Play,Active,Cute,3,A,105.0,0.5347,0,49.0,549.4333375553605
170,Henry,헨리,173,0.1634,Frog,Male,Smug,Music,Cool,Simple,2,A,176.0,0.515,0,13.0,143.45422126988603
171,Hippeux,데이빗,404,0.4202,Hippo,Male,Smug,Education,Elegant,Gorgeous,2,A,276.0,0.1549,0,31.0,228.8888398366516
172,Hopkins,홉킨스,248,0.1337,Rabbit,Male,Lazy,Nature,Simple,Active,2,A,192.0,0.5174,1,13.0,149.74899770590054
173,Hopper,달만이,218,0.2101,Penguin,Male,Cranky,Music,Cool,Simple,1,B,218.0,0.5174,1,15.0,182.12433897817067
174,Hornsby,뿌람,332,0.4202,Rhino,Male,Lazy,Nature,Simple,Simple,2,A,124.0,0.5001,1,13.0,179.85488750590156
175,Huck,스트로,334,0.1634,Frog,Male,Smug,Fitness,Simple,Cool,2,A,170.0,0.4994,1,15.0,216.5471164698818
176,Hugh,먹고파,379,0.1961,Pig,Male,Lazy,Play,Simple,Active,2,B,230.0,0.3664,1,15.0,146.13745315321705
177,Iggly,김말이,145,0.2101,Penguin,Male,Jock,Fitness,Active,Simple,3,B,126.0,0.4552,1,18.0,227.97979649677157
178,Ike,대공,370,0.1961,Bear,Male,Cranky,Nature,Cool,Cool,2,A,378.0,0.2894,0,2.0,33.39464359093077
179,Jacob,야곱,208,0.2101,Bird,Male,Lazy,Nature,Simple,Simple,2,A,69.0,0.573,1,17.0,119.8904918580972
180,Jacques,쪼끼,258,0.2101,Bird,Male,Smug,Music,Cool,Simple,2,A,303.0,0.374,0,6.0,108.52504525295832
181,Jambette,에스메랄다,387,0.1634,Frog,Female,Normal,Fashion,Cool,Cool,2,B,217.0,0.2183,1,13.0,145.29860063006674
182,Jay,참돌이,225,0.2101,Bird,Male,Jock,Fitness,Active,Active,3,B,141.0,0.5414,1,25.0,119.3763546990184
183,Jeremiah,드리미,188,0.1634,Frog,Male,Lazy,Play,Simple,Simple,2,B,115.0,0.5256,1,18.0,207.64832867652584
184,Jitters,딩요,405,0.2101,Bird,Male,Jock,Fitness,Active,Active,3,B,236.0,0.295,1,10.0,128.4129032582656
185,Joey,리처드,47,0.173,Duck,Male,Lazy,Play,Simple,Simple,2,B,8.0,0.7672,1,128.0,919.818013340702
186,Judy,미애,7,0.173,Cub,Female,Snooty,Music,Cute,Elegant,1,A,6.0,0.778,0,404.0,1550.307599938236
187,Julia,줄리아,233,0.2674,Ostrich,Female,Snooty,Education,Elegant,Gorgeous,1,A,108.0,0.5287,0,15.0,189.55180521061152
188,Julian,유니오,99,0.1961,Horse,Male,Smug,Music,Gorgeous,Cool,2,A,249.0,0.4249,0,28.0,152.06072992693905
189,June,메이,65,0.173,Cub,Female,Normal,Nature,Cute,Simple,2,A,65.0,0.4249,0,32.0,446.5935105007204
190,Kabuki,가북희,164,0.1279,Cat,Male,Cranky,Music,Simple,Simple,1,B,312.0,0.3018,1,59.0,127.32584165433325
191,Katt,쵸이,95,0.1279,Cat,Female,Big Sister,Music,Cool,Cool,3,A,98.0,0.4752,0,45.0,392.25769784574095
192,Keaton,프랭크,343,0.2941,Eagle,Male,Smug,Music,Gorgeous,Cool,2,A,328.0,0.2613,0,12.0,91.59054269242375
193,Ken,오골,195,0.3268,Chicken,Male,Smug,Education,Cool,Simple,2,A,215.0,0.4449,0,9.0,97.5495719638776
194,Ketchup,케첩,86,0.173,Duck,Female,Peppy,Play,Cute,Cute,3,A,19.0,0.693,1,27.0,292.9137005123233
195,Kevin,멧지,334,0.1961,Pig,Male,Jock,Play,Active,Simple,3,A,196.0,0.3763,0,1.0,33.39464359093077
196,Kid Cat,1호,49,0.1279,Cat,Male,Jock,Fitness,Active,Simple,3,B,25.0,0.693,1,80.0,729.5956004112928
197,Kidd,염두리,256,0.3676,Goat,Male,Smug,Education,Elegant,Cool,3,B,372.0,0.4033,0,9.0,130.23272881962134
198,Kiki,캐비어,154,0.1279,Cat,Female,Normal,Education,Simple,Simple,2,B,285.0,0.5015,1,18.0,206.36829516400724
199,Kitt,애플리케,284,0.3676,Kangaroo,Female,Normal,Education,Elegant,Simple,2,B,311.0,0.3055,1,4.0,87.37001956857024
200,Kitty,쇼콜라,210,0.1279,Cat,Female,Snooty,Fashion,Elegant,Gorgeous,2,B,224.0,0.4393,1,5.0,65.28834458389065
201,Klaus,곰도로스,305,0.1961,Bear,Male,Smug,Education,Simple,Simple,2,A,266.0,0.283,0,22.0,154.9926963619606
202,Knox,금끼오,212,0.3268,Chicken,Male,Cranky,Education,Elegant,Gorgeous,1,B,197.0,0.3108,1,1.0,34.44446571543845
203,Kody,아이다호,191,0.173,Cub,Male,Jock,Fitness,Active,Simple,3,B,245.0,0.4503,1,16.0,151.94782696294564
204,Kyle,리카르도,91,0.2674,Wolf,Male,Smug,Music,Gorgeous,Cool,2,A,352.0,0.3095,0,11.0,91.48911945107042
205,Leonardo,범호,238,0.4202,Tiger,Male,Jock,Fitness,Active,Gorgeous,3,B,374.0,0.3223,1,4.0,33.39464359093077
206,Leopold,티처,373,0.4202,Lion,Male,Smug,Education,Elegant,Gorgeous,2,A,326.0,0.2717,1,11.0,146.36713532299896
207,Lily,레이니,59,0.1634,Frog,Female,Normal,Education,Cute,Simple,2,B,28.0,0.6845,1,44.0,323.6049015085623
208,Limberg,단무지,337,0.1838,Mouse,Male,Cranky,Education,Simple,Cool,1,B,214.0,0.2194,1,11.0,148.40439281232625
209,Lionel,라이오넬,261,0.4202,Lion,Male,Smug,Music,Gorgeous,Active,2,A,362.0,0.249,0,46.0,160.93291630145694
210,Lobo,늑태,83,0.2674,Wolf,Male,Cranky,Education,Cool,Active,1,B,219.0,0.4793,1,12.0,88.27761188280891
211,Lolly,사이다,10,0.1279,Cat,Female,Normal,Music,Simple,Simple,2,B,7.0,0.7884,1,317.0,1632.1293431787428
212,Lopez,톰슨,102,0.2451,Deer,Male,Smug,Education,Gorgeous,Gorgeous,2,A,290.0,0.4591,0,18.0,195.06374114380384
213,Louie,머슬,223,0.2941,Gorilla,Male,Jock,Fitness,Active,Simple,3,A,165.0,0.3256,1,15.0,268.986993798672
214,Lucha,마스카라스,344,0.2101,Bird,Male,Smug,Fitness,Active,Cool,2,A,282.0,0.3084,0,69.0,239.1107215445348
215,Lucky,럭키,101,0.173,Dog,Male,Lazy,Play,Simple,Simple,2,B,119.0,0.5162,1,25.0,220.45772543553997
216,Lucy,루시,271,0.1961,Pig,Female,Normal,Music,Cute,Elegant,2,B,221.0,0.4653,1,5.0,89.5016953524574
217,Lyman,오즈먼드,254,0.2941,Koala,Male,Jock,Play,Simple,Active,3,A,147.0,0.4912,0,31.0,255.13069449238972
218,Mac,챔프,222,0.173,Dog,Male,Jock,Fitness,Active,Cool,3,B,375.0,0.3084,1,10.0,186.79935360422687
219,Maddie,마롱,178,0.173,Dog,Female,Peppy,Play,Simple,Cute,3,A,144.0,0.5736,1,2.0,65.0420477276017
220,Maelle,앤,180,0.173,Duck,Female,Snooty,Fashion,Cool,Simple,2,B,152.0,0.5308,1,8.0,114.74046017416724
221,Maggie,마가렛,368,0.1961,Pig,Female,Normal,Nature,Cute,Elegant,2,A,344.0,0.4038,1,4.0,99.34133143319563
222,Mallary,스미모,227,0.173,Duck,Female,Snooty,Fashion,Cool,Gorgeous,2,B,185.0,0.527,1,5.0,67.83910930636921
223,Maple,메이첼,39,0.173,Cub,Female,Normal,Education,Simple,Cute,2,B,14.0,0.7398,1,74.0,530.7449893997874
224,Marcel,에드워드,311,0.173,Dog,Male,Lazy,Play,Simple,Cool,2,B,386.0,0.2347,1,7.0,33.39464359093077
225,Marcie,마리아,277,0.3676,Kangaroo,Female,Normal,Nature,Cute,Elegant,2,A,202.0,0.4235,0,8.0,93.58205367279444
226,Margie,샐리,143,0.2451,Elephant,Female,Normal,Education,Elegant,Cute,2,B,114.0,0.5894,1,22.0,236.29888528905295
227,Marina,문리나,113,0.9804,Octopus,Female,Normal,Music,Cute,Cute,2,B,41.0,0.6974,1,62.0,589.7209497358299
228,Marshal,쭈니,3,0.1548,Squirrel,Male,Smug,Music,Elegant,Cool,2,A,1.0,0.8373,0,984.0,2160.9809667290765
229,Mathilda,안젤라,273,0.3676,Kangaroo,Female,Snooty,Fitness,Cool,Gorgeous,2,B,301.0,0.3792,1,9.0,63.10510624843916
230,Megan,캔디,78,0.1961,Bear,Female,Normal,Nature,Cute,Simple,2,A,68.0,0.62,0,26.0,393.8662444408285
231,Melba,아델레이드,171,0.2941,Koala,Female,Normal,Education,Cute,Cute,2,B,31.0,0.653,1,23.0,208.30014819035043
232,Merengue,스트로베리,79,0.4202,Rhino,Female,Normal,Nature,Cute,Simple,2,A,46.0,0.6718,0,61.0,442.9055697455056
233,Merry,유네찌,122,0.1279,Cat,Female,Peppy,Fashion,Cute,Cute,3,B,43.0,0.6691,1,21.0,244.1577657725541
234,Midge,핑글이,190,0.2101,Bird,Female,Normal,Education,Cute,Simple,2,B,80.0,0.6219,1,31.0,91.01498940433844
235,Mint,민트,137,0.1548,Squirrel,Female,Snooty,Fashion,Gorgeous,Cute,2,B,110.0,0.5701,1,16.0,160.52718707388456
236,Mira,미랑,94,0.1337,Rabbit,Female,Big Sister,Fitness,Active,Cool,3,A,182.0,0.4285,0,18.0,121.69740824342408
237,Miranda,미란다,268,0.173,Duck,Female,Snooty,Fashion,Elegant,Gorgeous,2,B,287.0,0.4857,1,8.0,56.52934891582815
238,Mitzi,마르,126,0.1279,Cat,Female,Normal,Education,Simple,Simple,2,B,121.0,0.5729,1,20.0,183.10607091845696
239,Moe,진상,242,0.1279,Cat,Male,Lazy,Play,Active,Simple,2,B,279.0,0.3611,1,12.0,188.33356320396445
240,Molly,귀오미,36,0.173,Duck,Female,Normal,Nature,Cute,Simple,2,A,5.0,0.7952,0,150.0,1146.2445721532492
241,Monique,제인,263,0.1279,Cat,Female,Snooty,Fashion,Gorgeous,Elegant,2,B,338.0,0.3234,1,4.0,65.28834458389065
242,Monty,몽티,364,0.3268,Monkey,Male,Cranky,Education,Cool,Cool,1,B,307.0,0.3505,1,5.0,122.27819100510044
243,Moose,핑,401,0.1838,Mouse,Male,Jock,Fitness,Cool,Gorgeous,3,B,347.0,0.3396,1,9.0,179.26747018746528
244,Mott,릭,405,0.4202,Lion,Male,Jock,Fitness,Active,Elegant,3,B,274.0,0.1834,1,13.0,231.8369825532933
245,Muffy,프릴,93,0.2101,Sheep,Female,Big Sister,Music,Gorgeous,Elegant,3,A,310.0,0.3074,0,15.0,250.9588181765965
246,Murphy,머피,92,0.173,Cub,Male,Cranky,Education,Simple,Cool,2,A,50.0,0.65,1,24.0,323.8902582929367
247,Nan,순이,320,0.3676,Goat,Female,Normal,Nature,Simple,Elegant,2,B,206.0,0.4049,1,14.0,181.6691732667939
248,Nana,키키,250,0.3268,Monkey,Female,Normal,Education,Cute,Cute,2,B,100.0,0.527,1,11.0,139.9262412985482
249,Naomi,화자,385,0.2941,Cow,Female,Snooty,Fashion,Elegant,Gorgeous,1,A,334.0,0.1752,0,37.0,248.49941860914885
250,Nate,박하스,206,0.1961,Bear,Male,Lazy,Play,Simple,Simple,2,B,261.0,0.3315,1,11.0,175.9286636782499
251,Nibbles,그리미,230,0.1548,Squirrel,Female,Peppy,Fashion,Cute,Active,3,B,370.0,0.4077,1,11.0,115.0793486978773
252,Norma,미자,374,0.2941,Cow,Female,Normal,Nature,Cute,Simple,2,A,208.0,0.3958,0,11.0,110.60820166990246
253,O'Hare,산토스,158,0.1337,Rabbit,Male,Smug,Nature,Active,Cool,3,B,168.0,0.5349,0,21.0,216.2384959487035
254,Octavian,문복,328,0.9804,Octopus,Male,Cranky,Play,Cool,Simple,1,B,95.0,0.5907,1,9.0,159.7140071414085
255,Olaf,안토니오,295,0.3676,Anteater,Male,Smug,Education,Elegant,Gorgeous,2,A,356.0,0.298,0,11.0,156.5518049659418
256,Olive,올리브,185,0.173,Cub,Female,Normal,Nature,Simple,Simple,2,A,101.0,0.6125,1,12.0,197.88224600339345
257,Olivia,올리비아,64,0.1279,Cat,Female,Snooty,Music,Cool,Elegant,2,B,90.0,0.5647,1,197.0,282.0122228344373
258,Opal,오팔,264,0.2451,Elephant,Female,Snooty,Fashion,Elegant,Cool,2,B,288.0,0.4851,1,3.0,95.93700415843487
259,Ozzie,동동이,347,0.2941,Koala,Male,Lazy,Play,Simple,Cute,2,B,228.0,0.408,1,18.0,186.19292215835532
260,Pancetti,브리트니,257,0.1961,Pig,Female,Snooty,Music,Cute,Gorgeous,1,A,351.0,0.3236,0,5.0,149.01784327253526
261,Pango,패트라,394,0.3676,Anteater,Female,Peppy,Fashion,Elegant,Cool,3,B,354.0,0.3054,1,34.0,139.9271422063377
262,Paolo,파올로,211,0.2451,Elephant,Male,Lazy,Nature,Simple,Elegant,2,A,340.0,0.4672,1,6.0,88.0849417838528
263,Papi,마사마,203,0.1961,Horse,Male,Lazy,Nature,Simple,Simple,2,A,243.0,0.4672,0,17.0,155.94759871254175
264,Pashmina,바바라,168,0.3676,Goat,Female,Big Sister,Music,Cool,Elegant,3,A,225.0,0.4364,0,29.0,143.25225023722822
265,Pate,나키,134,0.173,Duck,Female,Peppy,Fashion,Simple,Cute,3,B,86.0,0.6051,1,17.0,140.22041888538277
266,Patty,밀크,354,0.2941,Cow,Female,Peppy,Fashion,Simple,Cute,3,B,308.0,0.3493,1,20.0,208.5880736986372
267,Paula,레이첼,279,0.1961,Bear,Female,Big Sister,Fitness,Cute,Active,2,B,376.0,0.2953,1,9.0,127.0471467227626
268,Peaches,말자,347,0.1961,Horse,Female,Normal,Education,Cute,Simple,2,B,323.0,0.3343,1,16.0,315.52439493760227
269,Peanut,핑키,121,0.1548,Squirrel,Female,Peppy,Fashion,Cute,Cute,3,B,72.0,0.6055,1,22.0,231.46156061267413
270,Pecan,레베카,159,0.1548,Squirrel,Female,Snooty,Fashion,Elegant,Gorgeous,2,B,118.0,0.5779,1,10.0,56.93331813732984
271,Peck,문대,163,0.2101,Bird,Male,Jock,Play,Simple,Active,3,A,193.0,0.5113,0,208.0,292.7609474120992
272,Peewee,덤벨,311,0.2941,Gorilla,Male,Cranky,Fitness,Active,Cool,1,B,216.0,0.2666,1,5.0,54.915416523761365
273,Peggy,체리,253,0.1961,Pig,Female,Peppy,Fashion,Cute,Active,3,B,222.0,0.4451,1,12.0,218.50064082847229
274,Pekoe,재스민,55,0.173,Cub,Female,Normal,Nature,Elegant,Cute,2,B,63.0,0.6209,1,29.0,348.638389953928
275,Penelope,찍순이,236,0.1838,Mouse,Female,Peppy,Fashion,Cute,Gorgeous,3,A,220.0,0.4736,0,7.0,144.24531061288084
276,Phil,케인,349,0.2674,Ostrich,Male,Smug,Music,Elegant,Cool,2,A,259.0,0.3454,0,7.0,90.84576621478544
277,Phoebe,휘니,139,0.2674,Ostrich,Female,Big Sister,Fitness,Gorgeous,Cool,3,A,179.0,0.4703,0,40.0,184.21121316699575
278,Pierce,세바스찬,216,0.2941,Eagle,Male,Jock,Fitness,Elegant,Active,3,B,297.0,0.4158,1,46.0,216.5101498713118
279,Pietro,피엘,177,0.2101,Sheep,Male,Smug,Music,Gorgeous,Simple,2,A,158.0,0.3783,0,17.0,244.62254643314145
280,Pinky,링링,289,0.1961,Bear,Female,Peppy,Fashion,Cute,Simple,3,B,289.0,0.465,1,36.0,95.29825956065412
281,Piper,파이프,165,0.2101,Bird,Female,Peppy,Play,Elegant,Gorgeous,3,A,111.0,0.6156,1,25.0,210.1155592425244
282,Pippy,로타,316,0.1337,Rabbit,Female,Peppy,Fashion,Cute,Simple,3,B,371.0,0.4067,1,3.0,65.28834458389065
283,Plucky,파타야,174,0.3268,Chicken,Female,Big Sister,Play,Cool,Simple,3,A,231.0,0.3573,0,24.0,304.8704755563129
284,Pompom,주디,112,0.173,Duck,Female,Peppy,Music,Cute,Simple,3,B,153.0,0.5428,1,19.0,130.26808524294523
285,Poncho,봉추,67,0.173,Cub,Male,Jock,Fitness,Simple,Simple,3,B,127.0,0.5738,1,29.0,206.4547563581207
286,Poppy,다람,51,0.1548,Squirrel,Female,Normal,Education,Cute,Elegant,2,B,9.0,0.7574,1,34.0,452.8346937189491
287,Portia,블랜더,267,0.173,Dog,Female,Snooty,Fashion,Elegant,Gorgeous,2,B,318.0,0.4133,1,2.0,33.39464359093077
288,Prince,카일,243,0.1634,Frog,Male,Lazy,Play,Simple,Active,2,B,159.0,0.3719,1,3.0,80.45629884218918
289,Puck,하키,281,0.2101,Penguin,Male,Lazy,Fitness,Active,Simple,2,B,250.0,0.4249,1,6.0,127.98440790288277
290,Puddles,가위,321,0.1634,Frog,Female,Peppy,Fashion,Cute,Gorgeous,3,B,246.0,0.4293,1,23.0,172.09744863501655
291,Pudge,우띠,198,0.173,Cub,Male,Lazy,Play,Simple,Simple,2,B,223.0,0.4412,1,12.0,154.93407930648974
292,Punchy,빙티,32,0.1279,Cat,Male,Lazy,Play,Simple,Simple,2,B,26.0,0.6966,1,67.0,528.1976665326662
293,Purrl,타마,127,0.1279,Cat,Female,Snooty,Fashion,Cool,Elegant,2,B,104.0,0.5448,1,11.0,99.00869797289062
294,Queenie,택주,245,0.2674,Ostrich,Female,Snooty,Fashion,Gorgeous,Elegant,2,B,140.0,0.5464,1,9.0,91.19042231829783
295,Quillson,덕근,291,0.173,Duck,Male,Smug,Music,Elegant,Cool,2,A,337.0,0.3352,0,6.0,33.39464359093077
296,Raddle,개군,236,0.1634,Frog,Male,Lazy,Nature,Elegant,Simple,2,A,280.0,0.3607,0,8.0,122.86800829336778
297,Rasher,글레이,340,0.1961,Pig,Male,Cranky,Music,Cool,Simple,1,B,333.0,0.1826,1,9.0,155.6738330983698
298,Raymond,잭슨,4,0.1279,Cat,Male,Smug,Nature,Elegant,Cool,3,B,3.0,0.8129,0,924.0,2094.246584857946
299,Renée,뿔님이,310,0.4202,Rhino,Female,Big Sister,Music,Cool,Active,3,A,281.0,0.3221,0,30.0,417.2546031484092
300,Reneigh,리아나,90,0.1961,Horse,Female,Big Sister,Play,Cool,Gorgeous,3,A,194.0,0.4206,0,36.0,381.3979786604458
301,Rex,렉스,358,0.4202,Lion,Male,Lazy,Nature,Simple,Cute,2,A,379.0,0.2797,1,16.0,206.4167647547245
302,Rhonda,론다,399,0.4202,Rhino,Female,Normal,Music,Elegant,Gorgeous,2,B,350.0,0.324,1,15.0,139.30111203985192
303,Ribbot,철컥,189,0.1634,Frog,Male,Jock,Fitness,Simple,Active,3,B,172.0,0.3749,1,12.0,120.52842235227206
304,Ricky,갈가리,259,0.1548,Squirrel,Male,Cranky,Education,Cool,Simple,1,B,254.0,0.3943,1,2.0,33.39464359093077
305,Rizzo,조르쥐,324,0.1838,Mouse,Male,Cranky,Education,Simple,Cool,1,B,381.0,0.2666,1,19.0,129.05179409070402
306,Roald,펭수,88,0.2101,Penguin,Male,Jock,Fitness,Active,Simple,3,B,62.0,0.6089,1,52.0,353.5848401538757
307,Robin,파틱,330,0.2101,Bird,Female,Snooty,Fashion,Elegant,Cool,2,B,284.0,0.5084,1,2.0,33.39464359093077
308,Rocco,곤잘레스,389,0.4202,Hippo,Male,Cranky,Education,Simple,Cool,1,B,273.0,0.2135,1,7.0,94.6073283752656
309,Rocket,4호,199,0.2941,Gorilla,Female,Big Sister,Fitness,Active,Cool,2,B,190.0,0.2897,0,33.0,335.4778361534483
310,Rod,쟝,87,0.1838,Mouse,Male,Jock,Fitness,Active,Cool,3,B,49.0,0.6277,1,35.0,293.02409788052154
311,Rodeo,로데오,338,0.2941,Cow,Male,Lazy,Fitness,Simple,Cool,2,B,242.0,0.1808,1,13.0,148.7478678981542
312,Rodney,지미,278,0.3268,Hamster,Male,Smug,Music,Gorgeous,Cool,2,A,239.0,0.262,0,17.0,213.5837759867408
313,Rolf,호랭이,150,0.4202,Tiger,Male,Cranky,Fitness,Cool,Active,1,B,251.0,0.4117,1,9.0,96.55396370774928
314,Rooney,마이크,388,0.3676,Kangaroo,Male,Cranky,Fitness,Active,Active,2,A,377.0,0.2947,0,10.0,228.8487969499078
315,Rory,아더,364,0.4202,Lion,Male,Jock,Music,Simple,Active,3,A,366.0,0.1861,0,4.0,125.17001230016184
316,Roscoe,슈베르트,123,0.1961,Horse,Male,Cranky,Music,Cool,Gorgeous,1,B,210.0,0.3472,1,13.0,180.49694366432908
317,Rosie,부케,33,0.1279,Cat,Female,Peppy,Music,Cute,Cute,3,A,10.0,0.7585,1,278.0,1336.0128988035335
318,Rowan,고메스,289,0.4202,Tiger,Male,Jock,Fitness,Active,Simple,3,B,327.0,0.2709,1,5.0,67.83910930636921
319,Ruby,루나,53,0.1337,Rabbit,Female,Peppy,Nature,Cute,Active,3,B,54.0,0.644,1,29.0,298.55225707181444
320,Rudy,찰스,38,0.1279,Cat,Male,Jock,Play,Active,Simple,3,A,99.0,0.5885,0,29.0,232.53805791015515
321,Sally,라라미,231,0.1548,Squirrel,Female,Normal,Music,Simple,Elegant,2,B,191.0,0.5751,1,16.0,181.79339185532515
322,Samson,피스,323,0.1838,Mouse,Male,Jock,Fitness,Simple,Active,3,B,200.0,0.4665,1,19.0,159.3607497838205
323,Sandy,샌디,327,0.2674,Ostrich,Female,Normal,Nature,Simple,Cool,2,A,286.0,0.4875,1,3.0,85.67093624708745
324,Savannah,사반나,286,0.1961,Horse,Female,Normal,Music,Cool,Simple,2,B,319.0,0.4037,1,8.0,84.425521035999
325,Scoot,지키미,58,0.173,Duck,Male,Jock,Fitness,Active,Simple,3,B,15.0,0.713,1,41.0,444.24710351848137
326,Shari,젤리,72,0.3268,Monkey,Female,Big Sister,Music,Cute,Active,3,A,88.0,0.5703,0,109.0,728.1179577605232
327,Sheldon,크리스,207,0.1548,Squirrel,Male,Jock,Play,Active,Cool,3,A,92.0,0.5536,0,175.0,310.15842720726727
328,Shep,밥,167,0.173,Dog,Male,Smug,Education,Simple,Cool,2,A,96.0,0.4971,0,44.0,495.4954919376639
329,Sherb,래미,97,0.3676,Goat,Male,Lazy,Nature,Simple,Cute,2,A,60.0,0.6174,0,86.0,670.1691505627781
330,Simon,시몬,393,0.3268,Monkey,Male,Lazy,Play,Simple,Active,2,B,324.0,0.3253,1,9.0,156.35354075369412
331,Skye,릴리,46,0.2674,Wolf,Female,Normal,Music,Cute,Cute,2,A,55.0,0.6453,1,94.0,941.9243544512856
332,Sly,하이드,262,0.3676,Alligator,Male,Jock,Play,Cool,Simple,3,A,267.0,0.2805,1,14.0,155.51616747643538
333,Snake,닌토,82,0.1337,Rabbit,Male,Jock,Fitness,Active,Simple,3,B,83.0,0.5503,1,32.0,316.99605174406094
334,Snooty,스누티,381,0.3676,Anteater,Female,Snooty,Education,Simple,Simple,1,A,373.0,0.3225,1,6.0,96.16984936792096
335,Soleil,샨티,161,0.3268,Hamster,Female,Snooty,Education,Cool,Gorgeous,1,A,81.0,0.539,0,12.0,202.54474562542012
336,Sparro,춘섭,287,0.2101,Bird,Male,Jock,Play,Active,Simple,3,A,295.0,0.4234,0,4.0,65.28834458389065
337,Spike,스쿼트,336,0.4202,Rhino,Male,Cranky,Nature,Cool,Gorgeous,2,A,240.0,0.2464,1,7.0,161.46358650103642
338,Spork,포크,402,0.1961,Pig,Male,Lazy,Play,Simple,Active,2,B,233.0,0.3398,1,15.0,126.93141995477158
339,Sprinkle,크리미,135,0.2101,Penguin,Female,Peppy,Play,Cute,Elegant,3,A,139.0,0.5768,0,36.0,304.6742049828757
340,Sprocket,헤르츠,315,0.2674,Ostrich,Male,Jock,Music,Simple,Active,3,A,184.0,0.321,1,45.0,221.22350383539307
341,Static,스파크,107,0.1548,Squirrel,Male,Cranky,Music,Cool,Active,1,B,123.0,0.566,1,9.0,126.4722848231406
342,Stella,아크릴,175,0.2101,Sheep,Female,Normal,Nature,Simple,Simple,2,A,102.0,0.5618,1,9.0,116.2646880146684
343,Sterling,은수리,204,0.2941,Eagle,Male,Jock,Fitness,Simple,Elegant,3,B,156.0,0.3939,1,17.0,248.43210711526467
344,Stinky,땀띠,305,0.1279,Cat,Male,Jock,Fitness,Active,Simple,3,B,253.0,0.401,1,7.0,65.28834458389065
345,Stitches,패치,11,0.173,Cub,Male,Lazy,Play,Simple,Cute,2,B,12.0,0.7273,1,183.0,1222.2634419368026
346,Stu,모리스,398,0.2941,Cow,Male,Lazy,Nature,Simple,Simple,2,A,365.0,0.1898,1,11.0,209.1592499115414
347,Sydney,시드니,331,0.2941,Koala,Female,Normal,Music,Cute,Simple,2,B,291.0,0.4556,1,12.0,85.5834027331188
348,Sylvana,실바나,124,0.1548,Squirrel,Female,Normal,Nature,Cute,Simple,2,A,56.0,0.6519,1,79.0,184.34698753058183
349,Sylvia,실비아,362,0.3676,Kangaroo,Female,Big Sister,Music,Simple,Gorgeous,2,B,235.0,0.2967,1,37.0,145.8212466803448
350,T-Bone,티본,377,0.2941,Cow,Male,Cranky,Education,Cool,Simple,1,B,387.0,0.2233,1,7.0,124.93385607112435
351,Tabby,호냥이,358,0.1279,Cat,Female,Peppy,Music,Active,Cool,3,B,315.0,0.2776,1,5.0,64.89686571775721
352,Tad,텀보,252,0.1634,Frog,Male,Jock,Play,Active,Simple,3,A,169.0,0.5026,1,7.0,33.39464359093077
353,Tammi,에이프릴,400,0.3268,Monkey,Female,Peppy,Fashion,Cute,Active,3,B,363.0,0.2361,1,58.0,306.04845151318926
354,Tammy,아네사,61,0.173,Cub,Female,Big Sister,Play,Cool,Active,3,A,130.0,0.4591,0,29.0,148.9226505012469
355,Tangy,백프로,155,0.1279,Cat,Female,Peppy,Music,Simple,Cute,3,B,164.0,0.4226,1,19.0,85.45761261511585
356,Tank,탱크,349,0.4202,Rhino,Male,Jock,Fitness,Active,Simple,3,B,343.0,0.4069,1,14.0,208.99251316376825
357,Tasha,나타샤,157,0.1548,Squirrel,Female,Snooty,Fitness,Elegant,Gorgeous,1,A,134.0,0.5502,1,21.0,161.29231668226677
358,Teddy,병태,63,0.1961,Bear,Male,Jock,Fitness,Simple,Simple,3,B,51.0,0.617,1,50.0,311.7610783820818
359,Tex,볼트,260,0.2101,Penguin,Male,Smug,Music,Cool,Elegant,2,A,302.0,0.3773,0,4.0,97.65954066429556
360,Tia,티나,98,0.2451,Elephant,Female,Normal,Nature,Cute,Elegant,2,A,67.0,0.6375,0,19.0,171.0144910525196
361,Tiffany,바슬레,246,0.1337,Rabbit,Female,Snooty,Fashion,Gorgeous,Cool,2,B,205.0,0.4077,1,11.0,90.01377019481475
362,Timbra,잔디,305,0.2101,Sheep,Female,Snooty,Education,Elegant,Gorgeous,1,A,345.0,0.3977,0,6.0,126.55944567123667
363,Tipper,마틸다,379,0.2941,Cow,Female,Snooty,Fashion,Gorgeous,Cute,2,B,278.0,0.3615,1,10.0,237.13191697711883
364,Tom,밴덤,138,0.1279,Cat,Male,Cranky,Education,Cool,Simple,1,B,150.0,0.5538,1,15.0,216.2032906539608
365,Truffles,탱고,287,0.1961,Pig,Female,Peppy,Fashion,Cute,Gorgeous,3,B,181.0,0.4302,1,14.0,179.29026597542824
366,Tucker,맘모,324,0.2451,Elephant,Male,Lazy,Nature,Active,Simple,2,A,330.0,0.253,0,8.0,125.9541675094687
367,Tutu,연유,144,0.1961,Bear,Female,Peppy,Fashion,Cute,Simple,3,B,128.0,0.5685,1,15.0,214.0851210730868
368,Twiggy,핀틱,160,0.2101,Bird,Female,Peppy,Fashion,Simple,Cute,3,B,74.0,0.6179,1,15.0,157.18586339870774
369,Tybalt,티볼트,205,0.4202,Tiger,Male,Jock,Play,Active,Simple,3,A,207.0,0.4012,1,7.0,65.28834458389065
370,Ursala,네이아,125,0.1961,Bear,Female,Big Sister,Music,Simple,Cute,3,A,342.0,0.4267,1,15.0,180.1167982230278
371,Velma,벨마,405,0.3676,Goat,Female,Snooty,Education,Elegant,Gorgeous,2,B,388.0,0.204,1,10.0,153.87452642350638
372,Vesta,메리어스,213,0.2101,Sheep,Female,Normal,Fashion,Simple,Cute,2,B,187.0,0.4676,1,16.0,148.66384542888693
373,Vic,노르망,405,0.2941,Cow,Male,Cranky,Fitness,Cool,Active,2,A,390.0,0.1773,0,6.0,115.32387375377476
374,Victoria,센트엘로,361,0.1961,Horse,Female,Peppy,Fitness,Active,Simple,3,B,349.0,0.3336,1,6.0,93.58205367279444
375,Violet,줌마,270,0.2941,Gorilla,Female,Snooty,Fitness,Gorgeous,Cool,2,B,272.0,0.2267,1,15.0,329.1895471232003
376,Vivian,바네사,111,0.2674,Wolf,Female,Snooty,Education,Gorgeous,Elegant,1,A,70.0,0.6072,1,16.0,256.6156219799895
377,Vladimir,곰비,186,0.173,Cub,Male,Cranky,Play,Simple,Cool,1,B,201.0,0.4584,1,24.0,165.59385382786527
378,Wade,호떡,106,0.2101,Penguin,Male,Lazy,Nature,Simple,Gorgeous,2,A,36.0,0.6409,1,35.0,183.425538761654
379,Walker,벤,80,0.173,Dog,Male,Lazy,Play,Simple,Simple,2,B,97.0,0.5713,1,19.0,193.51549064218003
380,Walt,관록,266,0.3676,Kangaroo,Male,Cranky,Fitness,Cool,Cool,2,A,256.0,0.3696,0,2.0,62.074736549867296
381,Wart Jr.,샘,382,0.1634,Frog,Male,Cranky,Education,Simple,Simple,1,B,364.0,0.2236,1,5.0,85.32373102112196
382,Weber,아잠만,96,0.173,Duck,Male,Lazy,Nature,Cool,Simple,2,A,34.0,0.663,1,72.0,397.1785110064311
383,Wendy,눈송이,172,0.2101,Sheep,Female,Peppy,Fashion,Cool,Gorgeous,3,B,163.0,0.4583,1,18.0,198.58147954460824
384,Whitney,비앙카,13,0.2674,Wolf,Female,Snooty,Fashion,Elegant,Cool,2,B,16.0,0.7277,1,187.0,1113.1802073503782
385,Willow,마리,77,0.2101,Sheep,Female,Snooty,Fashion,Cute,Gorgeous,2,B,106.0,0.5457,1,40.0,205.66651702490103
386,Winnie,카로틴,392,0.1961,Horse,Female,Peppy,Fashion,Cool,Simple,3,B,321.0,0.4031,1,3.0,89.01854729231668
387,Wolfgang,로보,42,0.2674,Wolf,Male,Cranky,Education,Cool,Active,1,B,107.0,0.5667,1,35.0,287.2371934154331
388,Yuka,유카리,298,0.2941,Koala,Female,Snooty,Fashion,Cool,Elegant,2,B,122.0,0.4949,1,6.0,91.20925112084969
389,Zell,넬슨,130,0.2451,Deer,Male,Smug,Music,Cool,Gorgeous,2,A,293.0,0.4465,0,19.0,205.3863023907704
390,Zucker,탁호,66,0.9804,Octopus,Male,Lazy,Nature,Simple,Cute,2,A,13.0,0.7239,0,214.0,1122.94546268804
391,Sasha,미첼,1,0.1337,Rabbit,Male,Lazy,Fashion,Simple,Simple,2,B,1.0,0.7239,0,233.0,1401.1421946683004
